ticker,num_comments,comment_sentiment_average,latest_comment_date,score,upvote_ratio,date,domain,num_crossposts,author,timestamp,commentdate
LULU,135,0.075,1496353349.0,112,0.93,1490809221.0,self.wallstreetbets,0,d1nny,2017-03-29 19:40:21,2017-06-01 23:42:29
LULU,19,0.18181818181818182,1527902433.0,21,0.9,1527861636.0,self.wallstreetbets,0,jeffynihao,2018-06-01 16:00:36,2018-06-02 03:20:33
LULU,21,0.1111111111111111,1528599977.0,19,0.88,1528562745.0,self.wallstreetbets,0,ObeyRoastMan,2018-06-09 18:45:45,2018-06-10 05:06:17
LULU,49,0.16666666666666666,1535662877.0,24,0.92,1535658943.0,self.wallstreetbets,0,snackotron,2018-08-30 21:55:43,2018-08-30 23:01:17
LULU,32,0.38461538461538464,1535671335.0,81,0.93,1535478981.0,self.wallstreetbets,0,pb1217,2018-08-28 19:56:21,2018-08-31 01:22:15
LULU,26,0.2,1535691816.0,5,0.65,1535660550.0,self.wallstreetbets,0,selz202,2018-08-30 22:22:30,2018-08-31 07:03:36
LULU,23,-0.3,1535696035.0,18,0.64,1535291581.0,self.wallstreetbets,0,Blackwhiteasianand,2018-08-26 15:53:01,2018-08-31 08:13:55
LULU,25,0.18181818181818182,1537470557.0,104,0.9,1537418869.0,self.wallstreetbets,0,JPVizzle,2018-09-20 06:47:49,2018-09-20 21:09:17
SDC,31,0.6666666666666666,1538456530.0,23,0.83,1538448663.0,self.wallstreetbets,0,SDCgeeek,2018-10-02 04:51:03,2018-10-02 07:02:10
LULU,34,0.16666666666666666,1542652098.0,42,0.87,1541770921.0,self.wallstreetbets,0,lasemoco,2018-11-09 14:42:01,2018-11-19 19:28:18
LULU,19,0.2857142857142857,1542966355.0,13,0.88,1542846262.0,self.wallstreetbets,0,THEdROYAL,2018-11-22 01:24:22,2018-11-23 10:45:55
LULU,31,-0.1875,1544131856.0,34,0.88,1544125914.0,self.wallstreetbets,0,kndawg,2018-12-06 20:51:54,2018-12-06 22:30:56
LULU,39,0.1111111111111111,1544207584.0,20,0.92,1544035670.0,self.wallstreetbets,0,retupmocomputer,2018-12-05 19:47:50,2018-12-07 19:33:04
LULU,32,-0.5833333333333334,1544254968.0,27,0.9,1544196722.0,self.wallstreetbets,0,e_sir,2018-12-07 16:32:02,2018-12-08 08:42:48
LULU,27,0.1,1544650676.0,24,0.9,1544622489.0,self.wallstreetbets,0,WSBConsensus,2018-12-12 14:48:09,2018-12-12 22:37:56
LULU,99,0.23404255319148937,1553717956.0,42,0.95,1544130130.0,self.wallstreetbets,0,Mattyicecream,2018-12-06 22:02:10,2019-03-27 21:19:16
LULU,23,0.45454545454545453,1560236567.0,15,1.0,1560188688.0,self.wallstreetbets,0,THEVICTIM_,2019-06-10 19:44:48,2019-06-11 09:02:47
LULU,75,0.36363636363636365,1560405637.0,33,0.92,1560370351.0,self.wallstreetbets,0,Nascar28,2019-06-12 22:12:31,2019-06-13 08:00:37
LULU,84,0.23076923076923078,1560812063.0,845,0.97,1560714294.0,self.wallstreetbets,0,dutcher6,2019-06-16 21:44:54,2019-06-18 00:54:23
LULU,26,0.3333333333333333,1563305060.0,20,1.0,1562635835.0,self.wallstreetbets,0,enronCoin,2019-07-09 03:30:35,2019-07-16 21:24:20
LULU,25,0.42857142857142855,1566515338.0,35,0.95,1566444445.0,self.wallstreetbets,0,OgDomIII,2019-08-22 05:27:25,2019-08-23 01:08:58
LULU,46,0.13333333333333333,1566838730.0,39,0.91,1566412600.0,self.wallstreetbets,0,ognickkb,2019-08-21 20:36:40,2019-08-26 18:58:50
LULU,41,0.1111111111111111,1567373337.0,19,0.84,1567279111.0,self.wallstreetbets,0,foko,2019-08-31 21:18:31,2019-09-01 23:28:57
LULU,52,0.25,1567474327.0,35,0.84,1567294574.0,self.wallstreetbets,0,dgioulakis,2019-09-01 01:36:14,2019-09-03 03:32:07
LULU,51,-0.09090909090909091,1567474773.0,30,0.88,1567327657.0,self.wallstreetbets,0,s2focus,2019-09-01 10:47:37,2019-09-03 03:39:33
LULU,12,0.2,1567643049.0,16,0.86,1567612569.0,self.wallstreetbets,0,GreatTraderOnizuka,2019-09-04 17:56:09,2019-09-05 02:24:09
LULU,93,0.14285714285714285,1567663825.0,78,0.96,1567607038.0,self.wallstreetbets,0,Airmanoops,2019-09-04 16:23:58,2019-09-05 08:10:25
LULU,257,0.12359550561797752,1567778513.0,73,0.92,1567713776.0,self.wallstreetbets,0,Not_reddits,2019-09-05 22:02:56,2019-09-06 16:01:53
LULU,60,0.18181818181818182,1567781483.0,354,0.96,1567689484.0,self.wallstreetbets,0,CarlCarbonite,2019-09-05 15:18:04,2019-09-06 16:51:23
LULU,32,-0.4166666666666667,1569494084.0,21,0.81,1569439418.0,self.wallstreetbets,0,rawrtherapy,2019-09-25 21:23:38,2019-09-26 12:34:44
CCL,30,0.14285714285714285,1570021153.0,16,0.9,1569442811.0,self.wallstreetbets,0,MECHA-STALIN9000,2019-09-25 22:20:11,2019-10-02 14:59:13
SDC,38,0.14285714285714285,1570380332.0,74,0.91,1570275571.0,self.wallstreetbets,0,nyWP,2019-10-05 13:39:31,2019-10-06 18:45:32
LULU,54,-0.13043478260869565,1570460568.0,241,0.89,1570320756.0,self.wallstreetbets,0,SVXYstinks,2019-10-06 02:12:36,2019-10-07 17:02:48
SDC,8,0.16666666666666666,1570927208.0,15,0.78,1570736161.0,self.wallstreetbets,0,username_suggestion4,2019-10-10 21:36:01,2019-10-13 02:40:08
SDC,3,-0.3333333333333333,1573266353.0,16,1.0,1568999866.0,self.wallstreetbets,0,badpauly,2019-09-20 19:17:46,2019-11-09 03:25:53
SDC,47,0.2222222222222222,1573668830.0,53,0.94,1573655234.0,self.wallstreetbets,0,WSBConsensus,2019-11-13 15:27:14,2019-11-13 19:13:50
LULU,12,0.3333333333333333,1573834483.0,8,0.72,1573770066.0,self.wallstreetbets,0,lost_packet_,2019-11-14 23:21:06,2019-11-15 17:14:43
SDC,86,0.5,1574284723.0,71,0.9,1574218161.0,self.wallstreetbets,0,BEASEx,2019-11-20 03:49:21,2019-11-20 22:18:43
LULU,10,0.125,1574638071.0,15,0.86,1574495961.0,self.wallstreetbets,0,cuinlumby,2019-11-23 08:59:21,2019-11-25 00:27:51
LULU,42,-0.2727272727272727,1575404127.0,48,0.99,1574876675.0,self.wallstreetbets,0,blaked_baller,2019-11-27 18:44:35,2019-12-03 21:15:27
LULU,19,0.25,1575498600.0,37,0.82,1575480995.0,self.wallstreetbets,0,Ponypoops,2019-12-04 18:36:35,2019-12-04 23:30:00
LULU,23,0.16666666666666666,1575750250.0,75,0.91,1574095943.0,self.wallstreetbets,0,Ponypoops,2019-11-18 17:52:23,2019-12-07 21:24:10
LULU,36,0.375,1575933190.0,5,0.67,1575909209.0,self.wallstreetbets,0,optionsthatlose,2019-12-09 17:33:29,2019-12-10 00:13:10
LULU,22,0.125,1576094359.0,15,1.0,1576031193.0,self.wallstreetbets,0,tombom66,2019-12-11 03:26:33,2019-12-11 20:59:19
LULU,377,0.2459016393442623,1576175675.0,144,0.98,1576097214.0,self.wallstreetbets,0,kmung,2019-12-11 21:46:54,2019-12-12 19:34:35
LULU,89,-0.16279069767441862,1576267712.0,152,0.94,1576195472.0,self.wallstreetbets,0,Jburd6523,2019-12-13 01:04:32,2019-12-13 21:08:32
LULU,17,0.75,1576625794.0,7,0.77,1576617194.0,self.wallstreetbets,0,wins22x,2019-12-17 22:13:14,2019-12-18 00:36:34
LULU,58,0.16666666666666666,1576770770.0,21,0.82,1576707515.0,self.wallstreetbets,0,nubeboob,2019-12-18 23:18:35,2019-12-19 16:52:50
LULU,46,0.16666666666666666,1577547417.0,125,0.97,1577461936.0,self.wallstreetbets,0,OldTrillionaire,2019-12-27 16:52:16,2019-12-28 16:36:57
SDC,31,-0.0625,1578356982.0,16,0.91,1578332956.0,self.wallstreetbets,0,OldBuildingsSmell,2020-01-06 18:49:16,2020-01-07 01:29:42
SDC,16,-0.14285714285714285,1578590239.0,12,0.84,1578578475.0,self.wallstreetbets,0,121518nine,2020-01-09 15:01:15,2020-01-09 18:17:19
SDC,7,0.16666666666666666,1579144538.0,3,0.6,1579105571.0,self.wallstreetbets,0,lol-da-mar-s-cool,2020-01-15 17:26:11,2020-01-16 04:15:38
SDC,17,-0.45454545454545453,1579181131.0,16,0.81,1579144340.0,self.wallstreetbets,0,anonyuse,2020-01-16 04:12:20,2020-01-16 14:25:31
SDC,26,-0.23529411764705882,1579369709.0,2,0.53,1579303684.0,self.wallstreetbets,0,AllAboutTheDrip,2020-01-18 00:28:04,2020-01-18 18:48:29
SDC,16,-0.2,1579874242.0,18,0.95,1579620494.0,self.wallstreetbets,0,cdiamand,2020-01-21 16:28:14,2020-01-24 14:57:22
CCL,4,0.75,1580751699.0,6,0.8,1580733094.0,self.wallstreetbets,0,DefiniteMayb3,2020-02-03 13:31:34,2020-02-03 18:41:39
SDC,3,0.3333333333333333,1581390510.0,7,0.89,1580747794.0,self.wallstreetbets,0,LordChirpalot,2020-02-03 17:36:34,2020-02-11 04:08:30
SDC,28,0.15789473684210525,1581690758.0,70,0.9,1581687119.0,self.wallstreetbets,0,bigbear0083,2020-02-14 14:31:59,2020-02-14 15:32:38
SDC,22,-0.1111111111111111,1582047528.0,9,0.77,1581897799.0,self.wallstreetbets,0,DerianV,2020-02-17 01:03:19,2020-02-18 18:38:48
SDC,30,-0.2727272727272727,1582212711.0,9,0.91,1582142382.0,self.wallstreetbets,0,Lurkthedoor,2020-02-19 20:59:42,2020-02-20 16:31:51
LULU,48,-0.043478260869565216,1582257072.0,27,0.75,1582232052.0,self.wallstreetbets,0,2fish24,2020-02-20 21:54:12,2020-02-21 04:51:12
SDC,34,0.06666666666666667,1582418465.0,47,0.87,1582385634.0,self.wallstreetbets,0,bigbear0083,2020-02-22 16:33:54,2020-02-23 01:41:05
SDC,318,0.05844155844155844,1582752503.0,252,0.91,1582068023.0,self.wallstreetbets,0,AssPowers,2020-02-19 00:20:23,2020-02-26 22:28:23
CCL,41,0.23076923076923078,1582837156.0,31,0.95,1582833549.0,self.wallstreetbets,0,bobbythebich,2020-02-27 20:59:09,2020-02-27 21:59:16
CCL,22,-0.8181818181818182,1582908511.0,24,0.84,1582843265.0,self.wallstreetbets,0,swaggymedia,2020-02-27 23:41:05,2020-02-28 17:48:31
CCL,98,-0.25806451612903225,1583009229.0,196,0.96,1582854788.0,self.wallstreetbets,0,Nemesisgif,2020-02-28 02:53:08,2020-02-29 21:47:09
CCL,80,-0.22727272727272727,1583009241.0,54,0.97,1582822434.0,self.wallstreetbets,0,NOMOREREFUGEES,2020-02-27 17:53:54,2020-02-29 21:47:21
CCL,45,0.4,1583009253.0,34,0.89,1582759727.0,self.wallstreetbets,0,AncientMight,2020-02-27 00:28:47,2020-02-29 21:47:33
CCL,40,0.07142857142857142,1583099922.0,40,0.91,1583036925.0,self.wallstreetbets,0,blindgraysquirrel,2020-03-01 05:28:45,2020-03-01 22:58:42
CCL,12,-0.16666666666666666,1583440764.0,24,0.91,1583436890.0,self.wallstreetbets,0,bobbythebich,2020-03-05 20:34:50,2020-03-05 21:39:24
CCL,35,-0.11764705882352941,1583526487.0,40,0.98,1583516463.0,self.wallstreetbets,0,IDGAFSIGH,2020-03-06 18:41:03,2020-03-06 21:28:07
CCL,31,0.2,1583719419.0,39,0.87,1583710060.0,self.wallstreetbets,0,catsmeow492,2020-03-09 00:27:40,2020-03-09 03:03:39
CCL,49,-0.08695652173913043,1583728999.0,64,0.78,1583720856.0,self.wallstreetbets,0,No_Juan_4_You,2020-03-09 03:27:36,2020-03-09 05:43:19
CCL,103,0.12121212121212122,1583815428.0,583,0.92,1583769080.0,self.wallstreetbets,0,waltwhitman83,2020-03-09 16:51:20,2020-03-10 05:43:48
LULU,23,-0.375,1584125788.0,60,0.88,1584110430.0,self.wallstreetbets,0,Gringo_Please,2020-03-13 15:40:30,2020-03-13 19:56:28
CCL,27,-0.36363636363636365,1584553266.0,25,0.81,1584536693.0,self.wallstreetbets,0,jtibble,2020-03-18 14:04:53,2020-03-18 18:41:06
CCL,23,-0.07692307692307693,1584555345.0,6,0.75,1581985357.0,self.wallstreetbets,0,sushimoney,2020-02-18 01:22:37,2020-03-18 19:15:45
CCL,13,-0.14285714285714285,1584577821.0,31,0.97,1584563007.0,self.wallstreetbets,0,bobbythebich,2020-03-18 21:23:27,2020-03-19 01:30:21
CCL,22,-0.25,1584640691.0,26,0.91,1584639573.0,self.wallstreetbets,0,KingWooz,2020-03-19 18:39:33,2020-03-19 18:58:11
SDC,47,-0.3333333333333333,1584644118.0,27,0.89,1584631152.0,self.wallstreetbets,0,Drogori,2020-03-19 16:19:12,2020-03-19 19:55:18
CCL,63,-0.125,1585200952.0,103,0.96,1584276816.0,self.wallstreetbets,0,TheAgent2,2020-03-15 13:53:36,2020-03-26 06:35:52
SDC,44,-0.15,1585318360.0,176,0.94,1585313015.0,self.wallstreetbets,0,bigbear0083,2020-03-27 13:43:35,2020-03-27 15:12:40
CCL,55,-0.045454545454545456,1585337085.0,63,0.91,1585320457.0,self.wallstreetbets,0,1ceyou,2020-03-27 15:47:37,2020-03-27 20:24:45
LULU,40,0.3333333333333333,1585590404.0,25,0.82,1585570743.0,self.wallstreetbets,0,hightide2020,2020-03-30 14:19:03,2020-03-30 19:46:44
CCL,52,0.22727272727272727,1585680451.0,64,0.9,1585664571.0,self.wallstreetbets,0,midnghtdrgn,2020-03-31 16:22:51,2020-03-31 20:47:31
CCL,40,0.625,1585792826.0,46,0.9,1585772076.0,self.wallstreetbets,0,bobbythebich,2020-04-01 22:14:36,2020-04-02 04:00:26
CCL,31,0.5,1586181915.0,14,0.75,1585837420.0,self.wallstreetbets,0,Particular-Wedding,2020-04-02 16:23:40,2020-04-06 16:05:15
CCL,56,0.04,1586215958.0,58,0.93,1586188590.0,self.wallstreetbets,0,kennygconspiracy,2020-04-06 17:56:30,2020-04-07 01:32:38
CCL,72,0.03225806451612903,1586232988.0,95,0.91,1586182841.0,self.wallstreetbets,0,0_life_1_man,2020-04-06 16:20:41,2020-04-07 06:16:28
CCL,78,0.10714285714285714,1586274047.0,82,0.86,1586236173.0,self.wallstreetbets,0,IronTulip,2020-04-07 07:09:33,2020-04-07 17:40:47
CCL,176,-0.014285714285714285,1586364225.0,727,0.97,1586286346.0,self.wallstreetbets,0,tendeeznuts,2020-04-07 21:05:46,2020-04-08 18:43:45
CCL,23,-0.08333333333333333,1586367412.0,16,0.85,1586360986.0,self.wallstreetbets,0,steven8696,2020-04-08 17:49:46,2020-04-08 19:36:52
LULU,222,-0.07575757575757576,1587135211.0,265,0.95,1585152224.0,self.wallstreetbets,0,AppTB,2020-03-25 17:03:44,2020-04-17 16:53:31
CCL,42,0.1,1587890190.0,5,0.62,1587846129.0,self.wallstreetbets,0,zhouyu24,2020-04-25 22:22:09,2020-04-26 10:36:30
SDC,13,-0.3333333333333333,1588208258.0,27,0.87,1588194830.0,self.wallstreetbets,0,MalOuija,2020-04-29 23:13:50,2020-04-30 02:57:38
CCL,123,0.2,1588219646.0,109,0.93,1585804864.0,self.wallstreetbets,0,asingl,2020-04-02 07:21:04,2020-04-30 06:07:26
SDC,5,-0.25,1588797495.0,15,0.89,1588785367.0,self.wallstreetbets,0,Critter0527,2020-05-06 19:16:07,2020-05-06 22:38:15
CCL,45,0.15789473684210525,1589048518.0,38,0.86,1588753801.0,self.wallstreetbets,0,MichaelAndJelloBoi,2020-05-06 10:30:01,2020-05-09 20:21:58
SDC,39,0.4,1589071359.0,10,0.78,1588896362.0,self.wallstreetbets,0,vancitydani,2020-05-08 02:06:02,2020-05-10 02:42:39
SDC,22,0.5,1589128140.0,162,0.97,1589054760.0,self.wallstreetbets,0,bigbear0083,2020-05-09 22:06:00,2020-05-10 18:29:00
SDC,17,0.2,1589244370.0,3,0.6,1589226438.0,self.wallstreetbets,0,austrobo14,2020-05-11 21:47:18,2020-05-12 02:46:10
CCL,52,-0.045454545454545456,1589247032.0,102,0.92,1580392446.0,self.wallstreetbets,0,MrMcIrish,2020-01-30 14:54:06,2020-05-12 03:30:32
SDC,23,0.5384615384615384,1589297481.0,20,0.87,1588872532.0,self.wallstreetbets,1,SenBaka,2020-05-07 19:28:52,2020-05-12 17:31:21
SDC,34,0.21428571428571427,1589306207.0,4,0.62,1589289355.0,self.wallstreetbets,0,kinglax,2020-05-12 15:15:55,2020-05-12 19:56:47
SDC,188,0.25925925925925924,1589313232.0,200,0.89,1588867566.0,self.wallstreetbets,1,AveenoFresh,2020-05-07 18:06:06,2020-05-12 21:53:52
SDC,26,-0.4,1589408680.0,22,0.82,1589381472.0,self.wallstreetbets,0,allbriskets,2020-05-13 16:51:12,2020-05-14 00:24:40
SDC,123,0.3,1589414228.0,92,0.93,1589211736.0,self.wallstreetbets,0,expander2,2020-05-11 17:42:16,2020-05-14 01:57:08
SDC,29,0.07692307692307693,1589460585.0,15,0.89,1589401496.0,self.wallstreetbets,0,patrickbateman02,2020-05-13 22:24:56,2020-05-14 14:49:45
SDC,89,-0.05,1589482308.0,73,0.73,1589315384.0,self.wallstreetbets,0,kinglax,2020-05-12 22:29:44,2020-05-14 20:51:48
SDC,34,0.46153846153846156,1589810052.0,209,0.96,1589669744.0,self.wallstreetbets,8,imattractedtodcfs,2020-05-17 00:55:44,2020-05-18 15:54:12
SDC,22,0.5,1589838581.0,10,0.7,1576540410.0,self.wallstreetbets,0,cautiouslego,2019-12-17 00:53:30,2020-05-18 23:49:41
CCL,55,-0.1,1589873758.0,23,0.81,1589475385.0,self.wallstreetbets,0,gordongekkobb,2020-05-14 18:56:25,2020-05-19 09:35:58
SDC,123,0.10256410256410256,1589891186.0,1693,0.97,1589385499.0,self.wallstreetbets,0,Saerithrael,2020-05-13 17:58:19,2020-05-19 14:26:26
SDC,12,0.1,1589948394.0,31,0.84,1589925174.0,self.wallstreetbets,0,MalOuija,2020-05-19 23:52:54,2020-05-20 06:19:54
SDC,94,0.15384615384615385,1589995071.0,33,0.7,1589891283.0,self.wallstreetbets,0,PocahontasandGorilla,2020-05-19 14:28:03,2020-05-20 19:17:51
SDC,16,0.6363636363636364,1590011198.0,18,0.78,1589833307.0,self.wallstreetbets,1,TransSpeciesDog,2020-05-18 22:21:47,2020-05-20 23:46:38
LULU,4,0.5,1590607359.0,3,0.8,1590603422.0,self.wallstreetbets,0,Amerlis,2020-05-27 20:17:02,2020-05-27 21:22:39
LULU,17,0.8,1590775767.0,2,0.56,1590515885.0,self.wallstreetbets,0,Enexy,2020-05-26 19:58:05,2020-05-29 20:09:27
LULU,28,0.14285714285714285,1590804592.0,41,0.88,1584493379.0,self.wallstreetbets,0,Thetimei,2020-03-18 02:02:59,2020-05-30 04:09:52
SDC,187,0.1917808219178082,1590943354.0,298,0.94,1588960459.0,self.wallstreetbets,2,expander2,2020-05-08 19:54:19,2020-05-31 18:42:34
SDC,28,0.07692307692307693,1591032713.0,0,0.5,1590640303.0,self.wallstreetbets,0,Bernj5663,2020-05-28 06:31:43,2020-06-01 19:31:53
SDC,16,0.6,1591046816.0,15,0.9,1590586614.0,self.wallstreetbets,0,PocahontasandGorilla,2020-05-27 15:36:54,2020-06-01 23:26:56
LULU,41,0.1724137931034483,1591180059.0,29,0.85,1591069711.0,self.wallstreetbets,0,isap66,2020-06-02 05:48:31,2020-06-03 12:27:39
LULU,89,0.13793103448275862,1591310229.0,43,0.85,1591194523.0,self.wallstreetbets,0,Jkredditagain,2020-06-03 16:28:43,2020-06-05 00:37:09
CCL,69,0.32142857142857145,1591355019.0,31,0.8,1587015786.0,self.wallstreetbets,1,Naffdit,2020-04-16 07:43:06,2020-06-05 13:03:39
CCL,58,0.047619047619047616,1591434303.0,117,0.96,1591372108.0,self.wallstreetbets,0,nvllivs_in_verba,2020-06-05 17:48:28,2020-06-06 11:05:03
SDC,438,0.15714285714285714,1591625939.0,328,0.92,1589306736.0,self.wallstreetbets,1,AveenoFresh,2020-05-12 20:05:36,2020-06-08 16:18:59
CCL,252,0.3108108108108108,1591662998.0,648,0.98,1591389398.0,self.wallstreetbets,0,wallstreetbust,2020-06-05 22:36:38,2020-06-09 02:36:38
LULU,94,0.034482758620689655,1591768008.0,128,0.9,1591323980.0,self.wallstreetbets,1,lurkingsince2006,2020-06-05 04:26:20,2020-06-10 07:46:48
CCL,49,0.03225806451612903,1591851485.0,18,0.91,1591830951.0,self.wallstreetbets,0,ChroniclesX0,2020-06-11 01:15:51,2020-06-11 06:58:05
LULU,51,0.16666666666666666,1591930301.0,0,0.5,1590261820.0,self.wallstreetbets,0,itsnotshade,2020-05-23 21:23:40,2020-06-12 04:51:41
CCL,22,0.08333333333333333,1592008621.0,11,0.82,1591992327.0,self.wallstreetbets,0,kinmin3,2020-06-12 22:05:27,2020-06-13 02:37:01
CCL,45,0.030303030303030304,1592534164.0,0,0.5,1592441520.0,self.wallstreetbets,0,-Super-Mario-Galaxy-,2020-06-18 02:52:00,2020-06-19 04:36:04
CCL,64,-0.023809523809523808,1593119603.0,23,0.8,1592803622.0,self.wallstreetbets,0,cuki321,2020-06-22 07:27:02,2020-06-25 23:13:23
CCL,83,0.07692307692307693,1593431990.0,0,0.33,1587910692.0,self.wallstreetbets,0,SpecuHater,2020-04-26 16:18:12,2020-06-29 13:59:50
LULU,64,0.3103448275862069,1593462343.0,51,0.87,1589855826.0,self.wallstreetbets,0,Neptonrs,2020-05-19 04:37:06,2020-06-29 22:25:43
CCL,48,-0.047619047619047616,1593482420.0,31,0.79,1592848308.0,self.wallstreetbets,0,SniperzInc,2020-06-22 19:51:48,2020-06-30 04:00:20
LULU,74,-0.09523809523809523,1593551711.0,139,0.95,1593477319.0,self.wallstreetbets,1,69deadlifts,2020-06-30 02:35:19,2020-06-30 23:15:11
LULU,12,0.25,1593637830.0,21,0.81,1593626683.0,self.wallstreetbets,0,abesta11,2020-07-01 20:04:43,2020-07-01 23:10:30
LULU,8,0.2,1593741600.0,5,0.73,1593705567.0,self.wallstreetbets,0,amplepath1,2020-07-02 17:59:27,2020-07-03 04:00:00
CCL,29,0.14285714285714285,1594608733.0,9,0.8,1594342549.0,self.wallstreetbets,0,EasilyPeasily,2020-07-10 02:55:49,2020-07-13 04:52:13
LULU,107,0.25,1596576889.0,79,0.83,1588045214.0,self.wallstreetbets,0,marcusae313,2020-04-28 05:40:14,2020-08-04 23:34:49
SDC,134,0.2807017543859649,1596745188.0,145,0.96,1589905633.0,self.wallstreetbets,1,AveenoFresh,2020-05-19 18:27:13,2020-08-06 22:19:48
CCL,30,0.2,1596863713.0,21,0.82,1596565180.0,self.wallstreetbets,0,Lordminigunf,2020-08-04 20:19:40,2020-08-08 07:15:13
CCL,12,-0.4,1597873550.0,8,0.83,1597865540.0,self.wallstreetbets,0,zouxlol,2020-08-19 21:32:20,2020-08-19 23:45:50
LULU,422,0.13793103448275862,1598451966.0,89,0.95,1598352002.0,self.wallstreetbets,0,MotorizedDoucheCanoe,2020-08-25 12:40:02,2020-08-26 16:26:06
LULU,7,-0.4,1599070563.0,9,0.81,1599031625.0,self.wallstreetbets,0,50cent69,2020-09-02 09:27:05,2020-09-02 20:16:03
LULU,45,0.3333333333333333,1599095688.0,33,0.77,1598587782.0,self.wallstreetbets,0,expsenive_trashbag,2020-08-28 06:09:42,2020-09-03 03:14:48
SDC,17,-0.25,1599143052.0,2,0.56,1599061944.0,self.wallstreetbets,0,maq1679,2020-09-02 17:52:24,2020-09-03 16:24:12
SDC,59,0.1111111111111111,1599174709.0,21,0.84,1599100499.0,self.wallstreetbets,0,PocahontasandGorilla,2020-09-03 04:34:59,2020-09-04 01:11:49
SDC,155,0.1724137931034483,1599510119.0,130,0.85,1589073401.0,self.wallstreetbets,1,mlam646,2020-05-10 03:16:41,2020-09-07 22:21:59
LULU,12,-0.16666666666666666,1599688650.0,0,0.43,1599673247.0,self.wallstreetbets,0,dpkdpkdpkdpk,2020-09-09 19:40:47,2020-09-09 23:57:30
LULU,84,0.12,1600123961.0,133,0.88,1598824692.0,self.wallstreetbets,0,adamus-victus,2020-08-30 23:58:12,2020-09-15 00:52:41
CCL,10,-0.125,1600235162.0,2,0.67,1599181539.0,self.wallstreetbets,0,Dat_Speed,2020-09-04 03:05:39,2020-09-16 07:46:02
LULU,26,-0.16666666666666666,1600873400.0,24,0.94,1600839093.0,self.wallstreetbets,0,gingy187,2020-09-23 07:31:33,2020-09-23 17:03:20
CCL,19,0.36363636363636365,1601411894.0,9,0.72,1601329963.0,self.wallstreetbets,0,anotherexstnslcrisis,2020-09-28 23:52:43,2020-09-29 22:38:14
CCL,22,0.08333333333333333,1601411962.0,7,0.71,1601347465.0,self.wallstreetbets,0,SoyGone,2020-09-29 04:44:25,2020-09-29 22:39:22
CCL,116,-0.047619047619047616,1601457792.0,111,0.98,1601302860.0,self.wallstreetbets,0,dummyinasuit,2020-09-28 16:21:00,2020-09-30 11:23:12
CCL,11,-0.2857142857142857,1601925022.0,12,0.83,1600878986.0,self.wallstreetbets,0,Horror_Magician888,2020-09-23 18:36:26,2020-10-05 21:10:22
CCL,20,-0.14285714285714285,1602898892.0,17,0.85,1602866150.0,self.wallstreetbets,0,Mzluce21,2020-10-16 18:35:50,2020-10-17 03:41:32
LULU,62,0.12903225806451613,1603103370.0,653,0.93,1602515653.0,self.wallstreetbets,0,ChampKD321,2020-10-12 17:14:13,2020-10-19 12:29:30
SDC,15,-0.1111111111111111,1603413893.0,3,0.67,1603378486.0,self.wallstreetbets,0,phil6298,2020-10-22 16:54:46,2020-10-23 02:44:53
SDC,7,0.5,1603422757.0,3,0.71,1603398390.0,self.wallstreetbets,0,ked89,2020-10-22 22:26:30,2020-10-23 05:12:37
SDC,29,-0.21428571428571427,1603941127.0,16,0.81,1603658385.0,self.wallstreetbets,0,hrifandi,2020-10-25 21:39:45,2020-10-29 04:12:07
CCL,39,0.47058823529411764,1604174685.0,25,0.92,1602602901.0,self.wallstreetbets,0,water_boat,2020-10-13 17:28:21,2020-10-31 21:04:45
SDC,17,0.18181818181818182,1604323602.0,10,0.73,1604151861.0,self.wallstreetbets,0,alphabluepiller,2020-10-31 14:44:21,2020-11-02 14:26:42
LULU,123,0.20634920634920634,1605189317.0,2625,0.99,1604760441.0,self.wallstreetbets,0,pdwp90,2020-11-07 15:47:21,2020-11-12 14:55:17
CCL,106,0.16129032258064516,1605387268.0,61,0.97,1605005122.0,self.wallstreetbets,0,Jackismyson,2020-11-10 11:45:22,2020-11-14 21:54:28
SDC,15,0.2222222222222222,1605948020.0,26,0.87,1605911414.0,self.wallstreetbets,0,smallstreetgains,2020-11-20 23:30:14,2020-11-21 09:40:20
LULU,37,0.0625,1606707936.0,83,0.88,1606676731.0,self.wallstreetbets,0,wcamerons,2020-11-29 20:05:31,2020-11-30 04:45:36
LULU,42,0.7692307692307693,1606778672.0,16,0.79,1606669808.0,self.wallstreetbets,0,lukeh393,2020-11-29 18:10:08,2020-12-01 00:24:32
LULU,34,0.1,1607285147.0,96,0.95,1607195612.0,self.wallstreetbets,0,bigbear0083,2020-12-05 20:13:32,2020-12-06 21:05:47
LULU,43,-0.14285714285714285,1607345992.0,41,0.87,1607281041.0,self.wallstreetbets,0,0toHeroInvesting,2020-12-06 19:57:21,2020-12-07 13:59:52
SPCE,83,0.26666666666666666,1607448869.0,72,0.96,1607387675.0,self.wallstreetbets,0,tycoon10k,2020-12-08 01:34:35,2020-12-08 18:34:29
LULU,57,0.18181818181818182,1607634832.0,74,0.9,1607606634.0,self.wallstreetbets,0,0toHeroInvesting,2020-12-10 14:23:54,2020-12-10 22:13:52
SPCE,121,-0.05555555555555555,1607962019.0,75,0.81,1605465461.0,self.wallstreetbets,3,sisinana,2020-11-15 19:37:41,2020-12-14 17:06:59
SPCE,253,0.16129032258064516,1608496350.0,1263,0.98,1607364044.0,self.wallstreetbets,0,shroomsAndWrstershir,2020-12-07 19:00:44,2020-12-20 21:32:30
LULU,73,0.17391304347826086,1609219547.0,31,0.88,1599688750.0,self.wallstreetbets,0,imadummyoptionsyay,2020-09-09 23:59:10,2020-12-29 06:25:47
LULU,57,0.1,1609232411.0,72,0.85,1609184890.0,self.wallstreetbets,0,bchamp227,2020-12-28 20:48:10,2020-12-29 10:00:11
LULU,21,0.2727272727272727,1609352085.0,122,0.94,1609335650.0,self.wallstreetbets,0,0toHeroInvesting,2020-12-30 14:40:50,2020-12-30 19:14:45
LULU,91,0.29545454545454547,1609454083.0,128,0.97,1598974312.0,self.wallstreetbets,0,HGTV-Addict,2020-09-01 17:31:52,2020-12-31 23:34:43
LULU,32,0.07692307692307693,1609949911.0,36,0.86,1609865074.0,self.wallstreetbets,0,OlyBomaye,2021-01-05 17:44:34,2021-01-06 17:18:31
SPCE,149,-0.0392156862745098,1610626179.0,102,0.8,1608084342.0,self.wallstreetbets,0,abunchofsoandso,2020-12-16 03:05:42,2021-01-14 13:09:39
SPCE,62,0.043478260869565216,1610679119.0,164,0.94,1610578750.0,self.wallstreetbets,0,FixFixFixGoGo,2021-01-13 23:59:10,2021-01-15 03:51:59
SPCE,36,-0.06666666666666667,1610735387.0,89,0.96,1610680878.0,self.wallstreetbets,0,jaydude106,2021-01-15 04:21:18,2021-01-15 19:29:47
SPCE,16,0.42857142857142855,1611273246.0,58,0.91,1611258588.0,self.wallstreetbets,0,hooman_or_whatever,2021-01-21 20:49:48,2021-01-22 00:54:06
SPCE,52,0.5,1611687355.0,136,0.96,1611270428.0,self.wallstreetbets,0,domjii,2021-01-22 00:07:08,2021-01-26 19:55:55
CCL,3,0.5,1611759817.0,0,0.4,1611759512.0,self.wallstreetbets,0,ChickDigger,2021-01-27 15:58:32,2021-01-27 16:03:37
SPCE,9,-0.5,1611760584.0,46,0.79,1611760144.0,self.wallstreetbets,0,DeesnaUtz,2021-01-27 16:09:04,2021-01-27 16:16:24
SDC,6,0.5,1611780565.0,0,0.29,1611780470.0,self.wallstreetbets,0,barkingspider43,2021-01-27 21:47:50,2021-01-27 21:49:25
SPCE,71,0.15789473684210525,1611780856.0,97,0.91,1607476612.0,self.wallstreetbets,0,iAlwaysLearning,2020-12-09 02:16:52,2021-01-27 21:54:16
SPCE,92,0.3125,1611809448.0,282,0.94,1611448380.0,self.wallstreetbets,1,iannoyubadly,2021-01-24 01:33:00,2021-01-28 05:50:48
SPCE,72,0.058823529411764705,1611889270.0,154,0.8,1611396445.0,self.wallstreetbets,0,Wickedwally1,2021-01-23 11:07:25,2021-01-29 04:01:10
SPCE,9,-0.25,1611926625.0,71,0.86,1611851803.0,self.wallstreetbets,0,idbuzkill,2021-01-28 17:36:43,2021-01-29 14:23:45
SDC,4,-0.3333333333333333,1611972654.0,0,0.44,1611765562.0,self.wallstreetbets,0,bmonger16,2021-01-27 17:39:22,2021-01-30 03:10:54
SPCE,23,0.14285714285714285,1612035776.0,26,0.94,1610620044.0,self.wallstreetbets,0,naimdots,2021-01-14 11:27:24,2021-01-30 20:42:56
CCL,6,0.3333333333333333,1612042182.0,46,0.88,1611842673.0,self.wallstreetbets,0,GrantWhite21,2021-01-28 15:04:33,2021-01-30 22:29:42
CCL,23,0.16666666666666666,1612042212.0,24,0.72,1611767266.0,self.wallstreetbets,0,I-Brain,2021-01-27 18:07:46,2021-01-30 22:30:12
SPCE,13,0.2857142857142857,1612049373.0,77,0.94,1611840729.0,self.wallstreetbets,0,iamoxymoron,2021-01-28 14:32:09,2021-01-31 00:29:33
CCL,8,0.4,1612050597.0,35,0.97,1611847021.0,self.wallstreetbets,0,giraffesbluntz,2021-01-28 16:17:01,2021-01-31 00:49:57
SPCE,103,0.03225806451612903,1612208505.0,375,0.96,1611942970.0,self.wallstreetbets,0,Penlo,2021-01-29 18:56:10,2021-02-01 20:41:45
SDC,61,-0.2,1612272598.0,265,0.93,1612256395.0,self.wallstreetbets,0,ASoftEngStudent,2021-02-02 09:59:55,2021-02-02 14:29:58
SPCE,86,0.4444444444444444,1612305079.0,202,0.77,1612219192.0,self.wallstreetbets,1,BagofBabbish,2021-02-01 23:39:52,2021-02-02 23:31:19
SPCE,60,-0.3,1612416281.0,430,0.89,1612398595.0,self.wallstreetbets,0,Nachie,2021-02-04 01:29:55,2021-02-04 06:24:41
SPCE,9,0.6,1612476160.0,22,0.74,1612451733.0,self.wallstreetbets,0,Bogger92,2021-02-04 16:15:33,2021-02-04 23:02:40
LULU,8,-0.2,1612495820.0,17,0.79,1612495086.0,self.wallstreetbets,0,Veek_Himself,2021-02-05 04:18:06,2021-02-05 04:30:20
SPCE,30,0.1111111111111111,1612529881.0,21,0.65,1612489725.0,self.wallstreetbets,0,kingetch93,2021-02-05 02:48:45,2021-02-05 13:58:01
SPCE,34,0.18181818181818182,1612538889.0,149,0.95,1611852599.0,self.wallstreetbets,0,MrMcLiquid,2021-01-28 17:49:59,2021-02-05 16:28:09
SPCE,45,0.2727272727272727,1612552881.0,35,0.95,1612465497.0,self.wallstreetbets,0,Whovean,2021-02-04 20:04:57,2021-02-05 20:21:21
SPCE,20,0.375,1612566730.0,44,0.98,1612564562.0,self.wallstreetbets,0,Pastor_Josh,2021-02-05 23:36:02,2021-02-06 00:12:10
SPCE,44,0.25,1612604122.0,170,0.97,1611590046.0,self.wallstreetbets,0,Stonkgang_,2021-01-25 16:54:06,2021-02-06 10:35:22
LULU,40,0.5,1612650361.0,45,0.89,1612631041.0,self.wallstreetbets,0,maxfort86,2021-02-06 18:04:01,2021-02-06 23:26:01
LULU,23,0.3333333333333333,1612703222.0,28,0.78,1612658632.0,self.wallstreetbets,0,punkprince182,2021-02-07 01:43:52,2021-02-07 14:07:02
SPCE,142,0.15217391304347827,1613052100.0,117,0.63,1612611924.0,self.wallstreetbets,5,traveldan88,2021-02-06 12:45:24,2021-02-11 15:01:40
CCL,193,0.07352941176470588,1613167585.0,478,0.81,1613078417.0,self.wallstreetbets,0,vacalicious,2021-02-11 22:20:17,2021-02-12 23:06:25
SPCE,145,0.06976744186046512,1613248327.0,295,0.89,1613110359.0,self.wallstreetbets,0,FreakingOutTheNGHBRD,2021-02-12 07:12:39,2021-02-13 21:32:07
SPCE,42,0.75,1613338197.0,39,0.67,1613158149.0,self.wallstreetbets,0,1PercentMax,2021-02-12 20:29:09,2021-02-14 22:29:57
CCL,118,0.41935483870967744,1613363811.0,42,0.67,1613286043.0,self.wallstreetbets,0,joslau-art,2021-02-14 08:00:43,2021-02-15 05:36:51
CCL,205,0.3394495412844037,1613593105.0,2841,0.99,1609795161.0,self.wallstreetbets,0,freehouse_throwaway,2021-01-04 22:19:21,2021-02-17 21:18:25
CCL,462,0.5153846153846153,1613695334.0,2307,0.96,1613235667.0,self.wallstreetbets,1,AllDatDalton,2021-02-13 18:01:07,2021-02-19 01:42:14
CCL,32,0.09090909090909091,1613790945.0,19,0.95,1613757825.0,self.wallstreetbets,0,kirlandwater,2021-02-19 19:03:45,2021-02-20 04:15:45
CCL,44,0.125,1614056264.0,33,0.89,1614013849.0,self.wallstreetbets,0,gpech,2021-02-22 18:10:49,2021-02-23 05:57:44
CCL,116,0.05714285714285714,1614258545.0,59,0.79,1614182695.0,self.wallstreetbets,0,kentquasar,2021-02-24 17:04:55,2021-02-25 14:09:05
LULU,35,0.3076923076923077,1614540999.0,58,0.89,1607443753.0,self.wallstreetbets,0,Colonel_Cubical,2020-12-08 17:09:13,2021-02-28 20:36:39
SDC,27,-0.125,1614620248.0,0,0.48,1614611183.0,self.wallstreetbets,0,Pass_the_hat,2021-03-01 16:06:23,2021-03-01 18:37:28
CCL,38,0.2857142857142857,1614633404.0,60,0.88,1614627175.0,self.wallstreetbets,0,Iwanttosleep66,2021-03-01 20:32:55,2021-03-01 22:16:44
CCL,204,0.12727272727272726,1614635598.0,76,0.74,1613844752.0,self.wallstreetbets,0,StonkmahnDouchenberg,2021-02-20 19:12:32,2021-03-01 22:53:18
CCL,111,0.2765957446808511,1614637539.0,222,0.93,1613449730.0,self.wallstreetbets,0,BATTLE_SAUCE,2021-02-16 05:28:50,2021-03-01 23:25:39
CCL,327,0.18461538461538463,1614734355.0,745,0.95,1606756657.0,self.wallstreetbets,0,GushingGranny1,2020-11-30 18:17:37,2021-03-03 02:19:15
LULU,29,0.07692307692307693,1614775466.0,21,0.75,1611164473.0,self.wallstreetbets,0,Twixinthemix4,2021-01-20 18:41:13,2021-03-03 13:44:26
CCL,42,0.05555555555555555,1614781428.0,29,0.75,1614734341.0,self.wallstreetbets,8,tsa004,2021-03-03 02:19:01,2021-03-03 15:23:48
LULU,16,0.09090909090909091,1614798672.0,52,0.76,1614783271.0,self.wallstreetbets,0,DQBIII,2021-03-03 15:54:31,2021-03-03 20:11:12
LULU,29,0.3,1614835058.0,42,0.82,1614790105.0,self.wallstreetbets,0,DQBIII,2021-03-03 17:48:25,2021-03-04 06:17:38
CCL,16,0.14285714285714285,1614875586.0,170,0.91,1614852019.0,self.wallstreetbets,0,thinksHESblack,2021-03-04 11:00:19,2021-03-04 17:33:06
SDC,27,0.2222222222222222,1614917724.0,47,0.88,1612474301.0,self.wallstreetbets,1,steveissuperman,2021-02-04 22:31:41,2021-03-05 05:15:24
SDC,109,0.3157894736842105,1614971750.0,303,0.96,1614351826.0,self.wallstreetbets,1,simmitysam1980,2021-02-26 16:03:46,2021-03-05 20:15:50
SPCE,24,-0.3333333333333333,1615012761.0,34,0.79,1614995573.0,self.wallstreetbets,0,savage1x3,2021-03-06 02:52:53,2021-03-06 07:39:21
SPCE,43,0.38095238095238093,1615090747.0,67,0.75,1614420023.0,self.wallstreetbets,0,hustwaiting,2021-02-27 11:00:23,2021-03-07 05:19:07
SDC,64,0.2857142857142857,1615167216.0,94,0.8,1614803391.0,self.wallstreetbets,0,Computergeek757,2021-03-03 21:29:51,2021-03-08 02:33:36
CCL,120,0.3695652173913043,1616024030.0,110,0.82,1614671119.0,self.wallstreetbets,0,kimjongjuvie,2021-03-02 08:45:19,2021-03-18 00:33:50
SPCE,28,0.3333333333333333,1616099913.0,39,0.68,1615822232.0,self.wallstreetbets,1,walnuts24,2021-03-15 16:30:32,2021-03-18 21:38:33
CCL,95,0.0196078431372549,1616520739.0,316,0.91,1616464598.0,self.wallstreetbets,0,janetbeyellen,2021-03-23 02:56:38,2021-03-23 18:32:19
LULU,6,0.5,1616790812.0,31,0.89,1616782740.0,self.wallstreetbets,0,628rand,2021-03-26 19:19:00,2021-03-26 21:33:32
SPCE,17,0.2857142857142857,1616814563.0,21,0.77,1616701963.0,self.wallstreetbets,0,Sir_Lancelot_Papaya,2021-03-25 20:52:43,2021-03-27 04:09:23
LULU,283,0.3644067796610169,1617213607.0,1017,0.89,1616558212.0,self.wallstreetbets,19,pekas13,2021-03-24 04:56:52,2021-03-31 20:00:07
LULU,149,0.27450980392156865,1617822532.0,2949,0.98,1617726231.0,self.wallstreetbets,1,pdwp90,2021-04-06 18:23:51,2021-04-07 21:08:52
CCL,13,0.6,1617945723.0,20,0.77,1617910227.0,self.wallstreetbets,0,628rand,2021-04-08 21:30:27,2021-04-09 07:22:03
CCL,29,0.3,1618356024.0,12,0.64,1614824435.0,self.wallstreetbets,0,Coloroasted,2021-03-04 03:20:35,2021-04-14 01:20:24
SDC,15,0.09090909090909091,1618507272.0,0,0.39,1618341344.0,self.wallstreetbets,0,deatrixpotter,2021-04-13 21:15:44,2021-04-15 19:21:12
SDC,28,0.3,1619127994.0,23,0.7,1617719771.0,self.wallstreetbets,1,ProsperityCats,2021-04-06 16:36:11,2021-04-22 23:46:34
CCL,50,0.1,1619576362.0,2,0.52,1614878276.0,self.wallstreetbets,0,Beetin,2021-03-04 18:17:56,2021-04-28 04:19:22
CCL,44,0.21428571428571427,1620235350.0,119,0.94,1613766691.0,self.wallstreetbets,0,NrdRage,2021-02-19 21:31:31,2021-05-05 19:22:30
CCL,255,0.543859649122807,1620328548.0,1405,0.9,1619291294.0,self.wallstreetbets,2,NrdRage,2021-04-24 21:08:14,2021-05-06 21:15:48
SPCE,19,-0.125,1620786382.0,63,0.88,1620679647.0,self.wallstreetbets,0,FluxRevived,2021-05-10 22:47:27,2021-05-12 04:26:22
SPCE,116,0.2894736842105263,1621537997.0,304,0.88,1612975908.0,self.wallstreetbets,0,njitsbe,2021-02-10 17:51:48,2021-05-20 21:13:17
CCL,101,0.2413793103448276,1621551842.0,275,0.92,1616271425.0,self.wallstreetbets,2,SpaceToaster,2021-03-20 21:17:05,2021-05-21 01:04:02
SPCE,53,0.15384615384615385,1621682340.0,51,0.79,1621607145.0,self.wallstreetbets,0,Spitzmustard,2021-05-21 16:25:45,2021-05-22 13:19:00
SPCE,23,0.5,1621682451.0,17,0.7,1621589805.0,self.wallstreetbets,0,Florida_Knight77,2021-05-21 11:36:45,2021-05-22 13:20:51
SPCE,91,-0.047619047619047616,1621753459.0,58,0.9,1621618299.0,self.wallstreetbets,0,Dreamonsir,2021-05-21 19:31:39,2021-05-23 09:04:19
SPCE,180,0.2978723404255319,1621776325.0,115,0.72,1619899738.0,self.wallstreetbets,0,Donlorenzo_23,2021-05-01 22:08:58,2021-05-23 15:25:25
SPCE,50,0.34782608695652173,1621802640.0,77,0.78,1617828506.0,self.wallstreetbets,0,Elonmustycuck,2021-04-07 22:48:26,2021-05-23 22:44:00
SPCE,205,0.18072289156626506,1621866914.0,870,0.91,1621698826.0,self.wallstreetbets,0,Shandowarden,2021-05-22 17:53:46,2021-05-24 16:35:14
CCL,67,0.34782608695652173,1621900600.0,8,0.58,1621550575.0,self.wallstreetbets,0,EthicsGotGuap,2021-05-21 00:42:55,2021-05-25 01:56:40
SPCE,63,0.18181818181818182,1621945042.0,57,0.7,1621865906.0,self.wallstreetbets,0,MajorDonkey,2021-05-24 16:18:26,2021-05-25 14:17:22
SPCE,100,0.18181818181818182,1621963374.0,61,0.71,1621519426.0,self.wallstreetbets,0,WSB-memer,2021-05-20 16:03:46,2021-05-25 19:22:54
SPCE,106,0.328125,1621967601.0,308,0.83,1621715183.0,self.wallstreetbets,1,tickerwizards,2021-05-22 22:26:23,2021-05-25 20:33:21
SPCE,29,0.08333333333333333,1622066178.0,13,0.69,1612539226.0,self.wallstreetbets,0,manuvasquez1,2021-02-05 16:33:46,2021-05-26 23:56:18
CCL,36,0.25,1622094626.0,34,0.79,1620944521.0,self.wallstreetbets,0,Forevergogo,2021-05-14 00:22:01,2021-05-27 07:50:26
SDC,27,0.25,1622117596.0,0,0.5,1620781963.0,self.wallstreetbets,0,HiddenGooru,2021-05-12 03:12:43,2021-05-27 14:13:16
CCL,66,0.07407407407407407,1622119284.0,0,0.21,1620784751.0,self.wallstreetbets,0,HiddenGooru,2021-05-12 03:59:11,2021-05-27 14:41:24
SPCE,355,0.38596491228070173,1622171450.0,870,0.9,1613047908.0,self.wallstreetbets,0,sisinana,2021-02-11 13:51:48,2021-05-28 05:10:50
SPCE,22,0.1111111111111111,1622229884.0,111,0.89,1621709821.0,self.wallstreetbets,0,Donlorenzo_23,2021-05-22 20:57:01,2021-05-28 21:24:44
SPCE,85,0.28,1622356068.0,233,0.88,1622185707.0,self.wallstreetbets,0,Gminsta,2021-05-28 09:08:27,2021-05-30 08:27:48
LULU,27,0.3,1622562571.0,55,0.78,1622485255.0,self.wallstreetbets,0,FluxRevived,2021-05-31 20:20:55,2021-06-01 17:49:31
CCL,50,0.3333333333333333,1622564049.0,38,0.73,1622401049.0,self.wallstreetbets,0,Fishbroke243,2021-05-30 20:57:29,2021-06-01 18:14:09
LULU,21,0.14285714285714285,1622571761.0,18,0.71,1622558220.0,self.wallstreetbets,0,kribz666,2021-06-01 16:37:00,2021-06-01 20:22:41
SPCE,140,0.10204081632653061,1622580909.0,65,0.59,1622560431.0,self.wallstreetbets,3,Mahebourg,2021-06-01 17:13:51,2021-06-01 22:55:09
